﻿<?xml version="1.0" encoding="utf-8"?>
<doc>
  <unit name="ABCObjects">Модуль реализует векторные графические объекты с возможностью масштабирования, наложения друг на друга, 
создания составных графических объектов и многократного их вложения друг в друга. 
Каждый векторный графический объект перерисовывает себя при перемещении, изменении размеров 
и частичном перекрытии другими объектами.
</unit>
  <members>
    <member name="T:ContainerABC">
      <summary> Контейнер графических объектов. Сам является графическим объектом
</summary>
    </member>
    <member name="M:ContainerABC.#ctor(System.Int32,System.Int32)">
      <summary>Создает пустой контейнер графических объектов в позиции (x,y)
Для его наполнения следует использовать метод Add. Координаты всех помещаемых 
в него графических объектов пересчитываются относительно точки (x,y)
</summary>
    </member>
    <member name="M:ContainerABC.#ctor(ABCObjects.ContainerABC)">
      <summary>Создает контейнер графических объектов - копию контейнера графических объектов g
</summary>
    </member>
    <member name="M:ContainerABC.Add(ABCObjects.ObjectABC)">
      <summary>Добавляет в контейнер графический объект g
</summary>
    </member>
    <member name="M:ContainerABC.Remove(ABCObjects.ObjectABC)">
      <summary>Удаляет из контейнера графический объект g
</summary>
    </member>
    <member name="M:ContainerABC.UnLink(ABCObjects.ObjectABC)">
      <summary>Отсоединяет от контейнера графический объект g. 
Объект g перестает иметь владельца и продолжает отображаться на экране в той же позиции
</summary>
    </member>
    <member name="M:ContainerABC.PtInside(System.Int32,System.Int32)">
      <summary>Принадлежит ли точка внутренности одного из графических объектов в контейнере
</summary>
    </member>
    <member name="M:ContainerABC.Clone0">
      <summary> Возвращает клон контейнера графических объектов
</summary>
    </member>
    <member name="M:ContainerABC.Clone">
      <summary> Возвращает клон контейнера графических объектов
</summary>
    </member>
    <member name="P:ContainerABC.Count">
      <summary> Количество графических объектов в контейнере
</summary>
    </member>
    <member name="P:ContainerABC.Objects">
      <summary> Массив графических объектов в контейнере
</summary>
    </member>
    <member name="T:ObjectABC">
      <summary> Базовый класс для всех графических объектов
</summary>
    </member>
    <member name="M:ObjectABC.#ctor(System.Int32,System.Int32,System.Int32,System.Int32,System.Drawing.Color)">
      <summary> Создает графический объект размера (w,h) цвета cl с координатами левого верхнего угла (x,y)
</summary>
    </member>
    <member name="M:ObjectABC.#ctor(ABCObjects.ObjectABC)">
      <summary> Создает графический объект - копию объекта g
</summary>
    </member>
    <member name="M:ObjectABC.Destroy">
      <summary> Уничтожает графический объект
</summary>
    </member>
    <member name="M:ObjectABC.MoveTo(System.Int32,System.Int32)">
      <summary> Перемещает левый верхний угол графического объекта к точке (x,y)
</summary>
    </member>
    <member name="M:ObjectABC.MoveOn(System.Int32,System.Int32)">
      <summary> Перемещает графический объект на вектор (a,b)
</summary>
    </member>
    <member name="M:ObjectABC.Move">
      <summary> Перемещает графический объект на вектор, задаваемый свойствами dx,dy
</summary>
    </member>
    <member name="M:ObjectABC.Scale(System.Double)">
      <summary> Масштабирует графический объект в f раз (f&gt;1 - увеличение, 0&lt;f&lt;1 - уменьшение)
</summary>
    </member>
    <member name="M:ObjectABC.ToFront">
      <summary> Переносит графический объект на передний план
</summary>
    </member>
    <member name="M:ObjectABC.ToBack">
      <summary> Переносит графический объект на задний план
</summary>
    </member>
    <member name="M:ObjectABC.Bounds">
      <summary> Возвращает прямоугольник, определяющий границы графического объекта
</summary>
    </member>
    <member name="M:ObjectABC.PtInside(System.Int32,System.Int32)">
      <summary> Возвращает True, если точка (x,y) находится внутри графического объекта, и False в противном случае
</summary>
    </member>
    <member name="M:ObjectABC.Intersect(ABCObjects.ObjectABC)">
      <summary> Возвращает True, если изображение данного графического объекта пересекается с изображением 
графического объекта g, и False в противном случае. Белый цвет считается прозрачным и не принадлежащим объекту
</summary>
    </member>
    <member name="M:ObjectABC.IntersectRect(System.Drawing.Rectangle)">
      <summary> Возвращает True, если прямоугольник графического объекта пересекается прямоугольником r, и False в противном случае
</summary>
    </member>
    <member name="M:ObjectABC.Clone0">
      <summary> Возвращает клон графического объекта
</summary>
    </member>
    <member name="M:ObjectABC.Clone">
      <summary> Возвращает клон графического объекта
</summary>
    </member>
    <member name="P:ObjectABC.Left">
      <summary> Отступ графического объекта от левого края 
</summary>
    </member>
    <member name="P:ObjectABC.Top">
      <summary> Отступ графического объекта от верхнего края 
</summary>
    </member>
    <member name="P:ObjectABC.Width">
      <summary> Ширина графического объекта 
</summary>
    </member>
    <member name="P:ObjectABC.Height">
      <summary> Высота  графического объекта
</summary>
    </member>
    <member name="P:ObjectABC.dx">
      <summary>x-координата вектора перемещения объекта при вызове метода Move.
По умолчанию установлено в 0. Для неподвижных объектов может быть использовано 
для хранения любой дополнительной информации, связанной с объектом
</summary>
    </member>
    <member name="P:ObjectABC.dy">
      <summary> y-координата вектора перемещения объекта при вызове метода Move.
По умолчанию установлено в 0. Для неподвижных объектов может быть использовано 
для хранения любой дополнительной информации, связанной с объектом
</summary>
    </member>
    <member name="P:ObjectABC.Center">
      <summary> Центр графического объекта
</summary>
    </member>
    <member name="P:ObjectABC.Position">
      <summary> Левый верхний угол графического объекта
</summary>
    </member>
    <member name="P:ObjectABC.Visible">
      <summary> Видим ли  графический объект
</summary>
    </member>
    <member name="P:ObjectABC.Color">
      <summary> Цвет графического объекта
</summary>
    </member>
    <member name="P:ObjectABC.FontColor">
      <summary> Цвет шрифта графического объекта
</summary>
    </member>
    <member name="P:ObjectABC.Text">
      <summary> Текст внутри графического объекта
</summary>
    </member>
    <member name="P:ObjectABC.TextVisible">
      <summary> Видимость текста внутри графического объекта
</summary>
    </member>
    <member name="P:ObjectABC.TextScale">
      <summary> Масштаб текста относительно размеров графического объекта,  0&lt;=TextScale&lt;=1. 
При TextScale=1 текст занимает всю ширину или высоту объекта. По умолчанию TextScale=0.8
</summary>
    </member>
    <member name="P:ObjectABC.FontName">
      <summary> Имя шрифта для вывода свойства Text
</summary>
    </member>
    <member name="P:ObjectABC.FontStyle">
      <summary> Стиль шрифта для вывода свойства Text
</summary>
    </member>
    <member name="P:ObjectABC.Number">
      <summary> Целое число, выводимое в центре графического объекта. Для вывода используется свойство Text
</summary>
    </member>
    <member name="P:ObjectABC.RealNumber">
      <summary> Вещественное число, выводимое в центре графического объекта. Для вывода используется свойство Text.
Вещественное число выводится с одним знаком после десятичной точки
</summary>
    </member>
    <member name="P:ObjectABC.Owner">
      <summary>Владелец графического объекта, ответственный также за перерисовку графического объекта внутри себя (по умолчанию nil) 
</summary>
    </member>
    <member name="T:BoundedObjectABC">
      <summary> Базовый класс для всех замкнутых графических объектов
</summary>
    </member>
    <member name="M:BoundedObjectABC.SetDrawSettings">
      <summary> Устанавливает атрибуты пера и кисти перед рисованием
</summary>
    </member>
    <member name="M:BoundedObjectABC.#ctor(System.Int32,System.Int32,System.Int32,System.Int32,System.Drawing.Color)">
      <summary> Создает замкнутый графический объект размера (w,h) цвета cl с координатами левого верхнего угла (x,y)
</summary>
    </member>
    <member name="M:BoundedObjectABC.#ctor(ABCObjects.BoundedObjectABC)">
      <summary> Создает замкнутый графический объект - копию объекта g
</summary>
    </member>
    <member name="P:BoundedObjectABC.BorderColor">
      <summary> Цвет границы 
</summary>
    </member>
    <member name="P:BoundedObjectABC.BorderWidth">
      <summary> Ширина границы
</summary>
    </member>
    <member name="P:BoundedObjectABC.Filled">
      <summary> Заполнена ли внутренность объекта (по умолчанию True)
</summary>
    </member>
    <member name="P:BoundedObjectABC.Bordered">
      <summary> Имеет ли объект границу (по умолчанию True)
</summary>
    </member>
    <member name="T:RectangleABC">
      <summary> Класс графических объектов "Прямоугольник"
</summary>
    </member>
    <member name="M:RectangleABC.#ctor(System.Int32,System.Int32,System.Int32,System.Int32,System.Drawing.Color)">
      <summary> Создает прямоугольник размера (w,h) цвета cl с координатами левого верхнего угла (x,y)
</summary>
    </member>
    <member name="M:RectangleABC.#ctor(ABCObjects.RectangleABC)">
      <summary> Создает прямоугольник - копию прямоугольника g
</summary>
    </member>
    <member name="M:RectangleABC.Clone0">
      <summary> Возвращает клон прямоугольника
</summary>
    </member>
    <member name="M:RectangleABC.Clone">
      <summary> Возвращает клон прямоугольника
</summary>
    </member>
    <member name="T:SquareABC">
      <summary> Класс графических объектов "Квадрат"
</summary>
    </member>
    <member name="M:SquareABC.#ctor(System.Int32,System.Int32,System.Int32,System.Drawing.Color)">
      <summary> Создает квадрат размера w цвета cl с координатами левого верхнего угла (x,y)
</summary>
    </member>
    <member name="M:SquareABC.#ctor(ABCObjects.SquareABC)">
      <summary> Создает квадрат - копию квадрата g
</summary>
    </member>
    <member name="M:SquareABC.Scale(System.Double)">
      <summary> Масштабирует квадрат в f раз (f&gt;1 - увеличение, 0&lt;f&lt;1 - уменьшение)
</summary>
    </member>
    <member name="M:SquareABC.Clone0">
      <summary> Возвращает клон квадрата
</summary>
    </member>
    <member name="M:SquareABC.Clone">
      <summary> Возвращает клон квадрата
</summary>
    </member>
    <member name="T:EllipseABC">
      <summary> Класс графических объектов "Эллипс"
</summary>
    </member>
    <member name="M:EllipseABC.#ctor(System.Int32,System.Int32,System.Int32,System.Int32,System.Drawing.Color)">
      <summary> Создает эллипс размера (w,h) цвета cl с координатами левого верхнего угла (x,y)
</summary>
    </member>
    <member name="M:EllipseABC.#ctor(ABCObjects.EllipseABC)">
      <summary> Создает эллипс - копию эллипса g
</summary>
    </member>
    <member name="M:EllipseABC.Clone0">
      <summary> Возвращает клон эллипса
</summary>
    </member>
    <member name="M:EllipseABC.Clone">
      <summary> Возвращает клон эллипса
</summary>
    </member>
    <member name="T:CircleABC">
      <summary> Класс графических объектов "Круг"
</summary>
    </member>
    <member name="M:CircleABC.#ctor(System.Int32,System.Int32,System.Int32,System.Drawing.Color)">
      <summary> Создает круг радиуса r цвета cl с координатами центра (x,y)
</summary>
    </member>
    <member name="M:CircleABC.#ctor(ABCObjects.CircleABC)">
      <summary> Создает круг - копию круга g
</summary>
    </member>
    <member name="M:CircleABC.Scale(System.Double)">
      <summary> Масштабирует круг в f раз (f&gt;1 - увеличение, 0&lt;f&lt;1 - уменьшение)
</summary>
    </member>
    <member name="M:CircleABC.Clone0">
      <summary> Возвращает клон круга
</summary>
    </member>
    <member name="M:CircleABC.Clone">
      <summary> Возвращает клон круга
</summary>
    </member>
    <member name="P:CircleABC.Radius">
      <summary> Радиус круга
</summary>
    </member>
    <member name="T:RoundRectABC">
      <summary> Класс графических объектов "Прямоугольник со скругленными краями"
</summary>
    </member>
    <member name="M:RoundRectABC.#ctor(System.Int32,System.Int32,System.Int32,System.Int32,System.Int32,System.Drawing.Color)">
      <summary> Создает прямоугольник со скругленными краями размера (w,h), цветом cl, радиусом скругления r и координатами левого верхнего угла (x,y)
</summary>
    </member>
    <member name="M:RoundRectABC.#ctor(ABCObjects.RoundRectABC)">
      <summary> Создает прямоугольник со скругленными краями - копию прямоугольника со скругленными краями g
</summary>
    </member>
    <member name="M:RoundRectABC.Clone0">
      <summary> Возвращает клон прямоугольника со скругленными краями
</summary>
    </member>
    <member name="M:RoundRectABC.Clone">
      <summary> Возвращает клон прямоугольника со скругленными краями
</summary>
    </member>
    <member name="P:RoundRectABC.Radius">
      <summary> Радиус скругления углов
</summary>
    </member>
    <member name="T:RoundSquareABC">
      <summary> Класс графических объектов "Квадрат со скругленными краями"
</summary>
    </member>
    <member name="M:RoundSquareABC.#ctor(System.Int32,System.Int32,System.Int32,System.Int32,System.Drawing.Color)">
      <summary> Создает квадрат со скругленными краями размера w, цвета cl с радиусом скругления r и координатами левого верхнего угла (x,y)
</summary>
    </member>
    <member name="M:RoundSquareABC.#ctor(ABCObjects.RoundSquareABC)">
      <summary> Создает квадрат со скругленными краями - копию квадрата со скругленными краями g
</summary>
    </member>
    <member name="M:RoundSquareABC.Scale(System.Double)">
      <summary> Масштабирует квадрат в f раз (f&gt;1 - увеличение, 0&lt;f&lt;1 - уменьшение)
</summary>
    </member>
    <member name="M:RoundSquareABC.Clone0">
      <summary> Возвращает клон квадрата со скругленными краями
</summary>
    </member>
    <member name="M:RoundSquareABC.Clone">
      <summary> Возвращает клон квадрата со скругленными краями
</summary>
    </member>
    <member name="T:TextABC">
      <summary> Класс графических объектов "Текст"
</summary>
    </member>
    <member name="M:TextABC.#ctor(System.Int32,System.Int32,System.Int32,System.String,System.Drawing.Color)">
      <summary> Создает текстовый объект с текстом txt размера pt пунктов, цветом cl и координатами левого верхнего угла (x,y)
</summary>
    </member>
    <member name="M:TextABC.#ctor(ABCObjects.TextABC)">
      <summary> Создает текстовый объект - копию текстового объекта g
</summary>
    </member>
    <member name="M:TextABC.Clone0">
      <summary> Возвращает клон текстового объекта
</summary>
    </member>
    <member name="M:TextABC.Clone">
      <summary> Возвращает клон текстового объекта
</summary>
    </member>
    <member name="P:TextABC.FontSize">
      <summary> Размер шрифта в пунктах
</summary>
    </member>
    <member name="P:TextABC.TransparentBackground">
      <summary> Прозрачен ли фон текстового объекта
</summary>
    </member>
    <member name="P:TextABC.BackgroundColor">
      <summary> Цвет фона текстового объекта
</summary>
    </member>
    <member name="T:RegularPolygonABC">
      <summary> Класс графических объектов "Правильный многоугольник"
</summary>
    </member>
    <member name="M:RegularPolygonABC.#ctor(System.Int32,System.Int32,System.Int32,System.Int32,System.Drawing.Color)">
      <summary> Создает правильный многоугольник с nn вершинами, радиусом r, цветом cl и координатами центра (x,y)
</summary>
    </member>
    <member name="M:RegularPolygonABC.#ctor(ABCObjects.RegularPolygonABC)">
      <summary> Создает правильный многоугольник - копию правильного многоугольника g
</summary>
    </member>
    <member name="M:RegularPolygonABC.PtInside(System.Int32,System.Int32)">
      <summary> Находится ли точка (x,y) внутри правильного многоугольника
</summary>
    </member>
    <member name="M:RegularPolygonABC.Scale(System.Double)">
      <summary> Масштабирует правильный многоугольник в f раз (f&gt;1 - увеличение, 0&lt;f&lt;1 - уменьшение)
</summary>
    </member>
    <member name="M:RegularPolygonABC.Clone0">
      <summary> Возвращает клон правильного многоугольника
</summary>
    </member>
    <member name="M:RegularPolygonABC.Clone">
      <summary> Возвращает клон правильного многоугольника
</summary>
    </member>
    <member name="P:RegularPolygonABC.Count">
      <summary> Количество вершин правильного многоугольника
</summary>
    </member>
    <member name="P:RegularPolygonABC.Radius">
      <summary> Радиус правильного многоугольника
</summary>
    </member>
    <member name="P:RegularPolygonABC.Angle">
      <summary> Угол поворота (в градусах)
</summary>
    </member>
    <member name="T:StarABC">
      <summary> Класс графических объектов "Звезда"
</summary>
    </member>
    <member name="M:StarABC.#ctor(System.Int32,System.Int32,System.Int32,System.Int32,System.Int32,System.Drawing.Color)">
      <summary> Создает звезду с nn вершинами, радиусом r, внутренним радиусом r1, цветом cl и координатами центра (x,y)
</summary>
    </member>
    <member name="M:StarABC.#ctor(ABCObjects.StarABC)">
      <summary> Создает звезду - копию звезды g
</summary>
    </member>
    <member name="M:StarABC.PtInside(System.Int32,System.Int32)">
      <summary> Принадлежит ли точка внутренности объекта
</summary>
    </member>
    <member name="M:StarABC.Scale(System.Double)">
      <summary> Масштабирует звезду в f раз (f&gt;1 - увеличение, 0&lt;f&lt;1 - уменьшение)
</summary>
    </member>
    <member name="M:StarABC.Clone0">
      <summary> Возвращает клон звезды
</summary>
    </member>
    <member name="M:StarABC.Clone">
      <summary> Возвращает клон звезды
</summary>
    </member>
    <member name="P:StarABC.InternalRadius">
      <summary> Внутренний радиус
</summary>
    </member>
    <member name="T:PictureABC">
      <summary> Класс графических объектов "Рисунок"
</summary>
    </member>
    <member name="M:PictureABC.#ctor(System.Int32,System.Int32,System.String)">
      <summary> Создает рисунок с координатами левого верхнего угла (x,y), считывая его из файла fname 
</summary>
    </member>
    <member name="M:PictureABC.#ctor(System.Int32,System.Int32,GraphABC.Picture)">
      <summary> Создает рисунок с координатами левого верхнего угла (x,y), считывая его из объекта p
</summary>
    </member>
    <member name="M:PictureABC.#ctor(ABCObjects.PictureABC)">
      <summary> Создает рисунок - копию рисунка g
</summary>
    </member>
    <member name="M:PictureABC.ChangePicture(System.String)">
      <summary> Меняет изображение рисунка, считывая его из файла fname
</summary>
    </member>
    <member name="M:PictureABC.ChangePicture(GraphABC.Picture)">
      <summary> Меняет изображение рисунка, считывая его из объекта p
</summary>
    </member>
    <member name="M:PictureABC.Save(System.String)">
      <summary> Сохраняет рисунок в файл fname
</summary>
    </member>
    <member name="M:PictureABC.FlipVertical">
      <summary> Зеркально отображает рисунок относительно вертикальной оси
</summary>
    </member>
    <member name="M:PictureABC.FlipHorizontal">
      <summary> Зеркально отображает рисунок относительно горизонтальной оси
</summary>
    </member>
    <member name="M:PictureABC.Clone0">
      <summary> Возвращает клон рисунка
</summary>
    </member>
    <member name="M:PictureABC.Clone">
      <summary> Возвращает клон рисунка
</summary>
    </member>
    <member name="P:PictureABC.Transparent">
      <summary> Прозрачен ли рисунок
</summary>
    </member>
    <member name="P:PictureABC.TransparentColor">
      <summary> Цвет, считающийся прозрачным
</summary>
    </member>
    <member name="P:PictureABC.ScaleX">
      <summary> Масштаб рисунка по оси X относительно исходного изображения. При отрицательных значениях 
происходит зеркальное отражение относительно вертикальной оси
</summary>
    </member>
    <member name="P:PictureABC.ScaleY">
      <summary> Масштаб рисунка по оси Y относительно исходного изображения. При отрицательных значениях 
происходит зеркальное отражение относительно вертикальной оси
</summary>
    </member>
    <member name="T:MultiPictureABC">
      <summary> Класс графических объектов "Набор рисунков"
</summary>
    </member>
    <member name="M:MultiPictureABC.#ctor(System.Int32,System.Int32,System.String)">
      <summary> Создает набор рисунков, состоящий из одного рисунка, загружая его из файла с именем fname. 
После создания рисунок отображается на экране в позиции (x,y). Остальные рисунки добавляются методом Add
</summary>
    </member>
    <member name="M:MultiPictureABC.#ctor(System.Int32,System.Int32,GraphABC.Picture)">
      <summary> Создает набор рисунков, состоящий из одного рисунка, хранящегося в переменной p
После создания рисунок отображается на экране в позиции (x,y). Остальные рисунки добавляются методом Add
</summary>
    </member>
    <member name="M:MultiPictureABC.#ctor(System.Int32,System.Int32,System.Int32,GraphABC.Picture)">
      <summary> Создает набор рисунков из объекта p типа Picture. Объект p должен хранить 
последовательность изображений одного размера, расположенных по горизонтали. 
Каждое изображение считается имеющим ширину w. Если ширина рисунка в объекте p не кратна w, 
то возникает исключение. После создания первый рисунок из набора отображается на экране в позиции (x,y)
</summary>
    </member>
    <member name="M:MultiPictureABC.#ctor(System.Int32,System.Int32,System.Int32,System.String)">
      <summary> Создает набор рисунков, загружая его из файла fname. Файл должен хранить 
последовательность изображений одного размера, расположенных по горизонтали. 
Каждое изображение считается имеющим ширину w. Если ширина рисунка в файле fname не кратна w, 
то возникает исключение. После создания первый рисунок из набора отображается на экране в позиции (x,y)
</summary>
    </member>
    <member name="M:MultiPictureABC.#ctor(ABCObjects.MultiPictureABC)">
      <summary> Создает набор рисунков - копию набора рисунков g
</summary>
    </member>
    <member name="M:MultiPictureABC.Add(System.String)">
      <summary> Добавляет рисунок к набору, загружая его из файла fname. 
 Рисунок должен иметь те же размеры, что и все рисунки из набора
</summary>
    </member>
    <member name="M:MultiPictureABC.ChangePicture(System.String)">
      <summary> Меняет набор рисунков на набор, состоящий из одного рисунка, загружая его из файла с именем fname
</summary>
    </member>
    <member name="M:MultiPictureABC.ChangePicture(System.Int32,System.String)">
      <summary> Меняет набор рисунков на набор, загружая его из файла с именем fname.
Файл должен хранить последовательность изображений одного размера, 
расположенных по горизонтали. Каждое изображение считается имеющим ширину w
</summary>
    </member>
    <member name="M:MultiPictureABC.NextPicture">
      <summary>Циклически переходит к следующему рисунку из набора
</summary>
    </member>
    <member name="M:MultiPictureABC.PrevPicture">
      <summary>Циклически переходит к предыдующему рисунку из набора
</summary>
    </member>
    <member name="M:MultiPictureABC.Clone0">
      <summary> Возвращает клон набора рисунков
</summary>
    </member>
    <member name="M:MultiPictureABC.Clone">
      <summary> Возвращает клон набора рисунков
</summary>
    </member>
    <member name="P:MultiPictureABC.CurrentPicture">
      <summary>Номер текущего рисунка (нумерация с 1)
</summary>
    </member>
    <member name="P:MultiPictureABC.Count">
      <summary>Количество рисунков в наборе
</summary>
    </member>
    <member name="T:BoardABC">
      <summary> Класс графических объектов "Доска"
</summary>
    </member>
    <member name="M:BoardABC.#ctor(System.Int32,System.Int32,System.Int32,System.Int32,System.Int32,System.Int32,System.Drawing.Color)">
      <summary>Создает доску nx на ny клеток цвета cl с размером клетки (ssxx,ssyy) в позиции (x,y). 
</summary>
    </member>
    <member name="M:BoardABC.#ctor(ABCObjects.BoardABC)">
      <summary>Создает доску - копию доски g
</summary>
    </member>
    <member name="M:BoardABC.Clone0">
      <summary> Возвращает клон доски
</summary>
    </member>
    <member name="M:BoardABC.Clone">
      <summary> Возвращает клон доски
</summary>
    </member>
    <member name="P:BoardABC.DimX">
      <summary>Количество клеток доски по горизонтали
</summary>
    </member>
    <member name="P:BoardABC.DimY">
      <summary>Количество клеток доски по вертикали
</summary>
    </member>
    <member name="P:BoardABC.CellSizeX">
      <summary>Размер клетки по горизонтали 
</summary>
    </member>
    <member name="P:BoardABC.CellSizeY">
      <summary>Размер клетки по вертикали
</summary>
    </member>
    <member name="T:ObjectBoardABC">
      <summary> Класс графических объектов "Доска с объектами"
</summary>
    </member>
    <member name="M:ObjectBoardABC.#ctor(System.Int32,System.Int32,System.Int32,System.Int32,System.Int32,System.Int32,System.Drawing.Color)">
      <summary>Создает доску с объектами nx на ny клеток цвета cl с размером клетки (ssxx,ssyy) в позиции (x,y). 
</summary>
    </member>
    <member name="M:ObjectBoardABC.#ctor(ABCObjects.ObjectBoardABC)">
      <summary>Создает доску с объектами - копию доски g
</summary>
    </member>
    <member name="M:ObjectBoardABC.DestroyObject(System.Int32,System.Int32)">
      <summary> Удаляет объект в клетке с координатами (x,y)
</summary>
    </member>
    <member name="M:ObjectBoardABC.SwapObjects(System.Int32,System.Int32,System.Int32,System.Int32)">
      <summary> Меняет местами объекты в клетках с координатами (x1,y1) и (x2,y2)
</summary>
    </member>
    <member name="M:ObjectBoardABC.Clone0">
      <summary> Возвращает клон доски с объектами
</summary>
    </member>
    <member name="M:ObjectBoardABC.Clone">
      <summary> Возвращает клон доски с объектами
</summary>
    </member>
    <member name="P:ObjectBoardABC.Items">
      <summary> Объект в клетке с координатами (x,y)
</summary>
    </member>
    <member name="T:UIElementABC">
      <summary> Тип элемента управления ABCObject
</summary>
    </member>
    <member name="T:ObjectsABCArray">
      <summary> Тип массива графических объектов
</summary>
    </member>
    <member name="P:ObjectsABCArray.Items">
      <summary> i-тый графический объект на экране
</summary>
    </member>
    <member name="P:ObjectsABCArray.Count">
      <summary> Количество графических объектов на экране
</summary>
    </member>
    <member name="M:LockDrawingObjects">
      <summary> Блокирует рисование графических объектов. Возможна лишь перерисовка 
всего экрана вместе со всеми графическими объектами на нем вызовом RedrawObjects 
</summary>
    </member>
    <member name="M:UnLockDrawingObjects">
      <summary> Разблокирует рисование графических объектов
</summary>
    </member>
    <member name="M:RedrawObjects">
      <summary> Перерисовывает все графическое окно вместе со всеми графическими объектами на нем 
</summary>
    </member>
    <member name="M:ToFront(ABCObjects.ObjectABC)">
      <summary> Переносит графический объект g на передний план
</summary>
    </member>
    <member name="M:ToBack(ABCObjects.ObjectABC)">
      <summary> Переносит графический объект g на задний план
</summary>
    </member>
    <member name="M:ObjectsCount">
      <summary> Количество графических объектов
</summary>
    </member>
    <member name="M:ObjectUnderPoint(System.Int32,System.Int32)">
      <summary> Графический объект под точкой (x,y)
</summary>
    </member>
    <member name="M:ObjectUnderPoint(System.Drawing.Point)">
      <summary> Графический объект под точкой p
</summary>
    </member>
    <member name="M:SwapPositions(ABCObjects.ObjectABC,ABCObjects.ObjectABC)">
      <summary> Поменять позиции графических олбъектов o1 и o2
</summary>
    </member>
    <member name="M:UIElementUnderPoint(System.Int32,System.Int32)">
      <summary> Элемент управления ABCObject под точкой (x,y)
</summary>
    </member>
    <member name="M:__InitModule__">
      <summary>--
</summary>
    </member>
    <member name="V:Objects">
      <summary> Массив графических объектов
</summary>
    </member>
  </members>
</doc>