﻿<?xml version="1.0" encoding="utf-8"?>
<doc>
  <unit name="GraphABC">Модуль предоставляет константы, типы, процедуры, функции и классы для рисования в графическом окне
</unit>
  <members>
    <member name="T:GraphABCException">
      <summary> Тип исключения GraphABC  
</summary>
    </member>
    <member name="T:GraphABCPen">
      <summary> Тип пера GraphABC
</summary>
    </member>
    <member name="P:GraphABCPen.NETPen">
      <summary> Текущее перо .NET
</summary>
    </member>
    <member name="P:GraphABCPen.Color">
      <summary> Цвет пера
</summary>
    </member>
    <member name="P:GraphABCPen.Width">
      <summary> Ширина пера
</summary>
    </member>
    <member name="P:GraphABCPen.Style">
      <summary> Стиль пера
</summary>
    </member>
    <member name="P:GraphABCPen.Mode">
      <summary> Режим пера
</summary>
    </member>
    <member name="P:GraphABCPen.X">
      <summary> X-координата текущей позиции пера
</summary>
    </member>
    <member name="P:GraphABCPen.Y">
      <summary> Y-координата текущей позиции пера
</summary>
    </member>
    <member name="P:GraphABCPen.RoundCap">
      <summary> Режим закругленных концов линий
</summary>
    </member>
    <member name="T:GraphABCBrush">
      <summary> Тип кисти GraphABC
</summary>
    </member>
    <member name="P:GraphABCBrush.NETBrush">
      <summary> Текущая кисть .NET
</summary>
    </member>
    <member name="P:GraphABCBrush.Color">
      <summary> Цвет кисти
</summary>
    </member>
    <member name="P:GraphABCBrush.Style">
      <summary> Стиль кисти
</summary>
    </member>
    <member name="P:GraphABCBrush.Hatch">
      <summary> Штриховка кисти
</summary>
    </member>
    <member name="P:GraphABCBrush.HatchBackgroundColor">
      <summary> Цвет заднего плана штриховой кисти
</summary>
    </member>
    <member name="P:GraphABCBrush.GradientSecondColor">
      <summary> Второй цвет градиентной кисти
</summary>
    </member>
    <member name="T:GraphABCFont">
      <summary> Тип шрифта GraphABC
</summary>
    </member>
    <member name="P:GraphABCFont.NETFont">
      <summary> Текущий шрифт .NET
</summary>
    </member>
    <member name="P:GraphABCFont.Color">
      <summary> Цвет шрифта
</summary>
    </member>
    <member name="P:GraphABCFont.Style">
      <summary> Стиль шрифта
</summary>
    </member>
    <member name="P:GraphABCFont.Size">
      <summary> Размер шрифта в пунктах
</summary>
    </member>
    <member name="P:GraphABCFont.Name">
      <summary> Наименование шрифта
</summary>
    </member>
    <member name="M:GraphABCCoordinate.SetTransform(System.Double,System.Double,System.Double,System.Double,System.Double)">
      <summary> Устанавливает параметры системы координат
</summary>
    </member>
    <member name="M:GraphABCCoordinate.SetOrigin(System.Int32,System.Int32)">
      <summary> Устанавливает начало системы координат
</summary>
    </member>
    <member name="M:GraphABCCoordinate.SetScale(System.Double,System.Double)">
      <summary> Устанавливает масштаб системы координат
</summary>
    </member>
    <member name="M:GraphABCCoordinate.SetScale(System.Double)">
      <summary> Устанавливает масштаб системы координат
</summary>
    </member>
    <member name="M:GraphABCCoordinate.SetMathematic">
      <summary> Устанавливает правую систему координат (ось OY направлена вверх, ось OX - вправо)
</summary>
    </member>
    <member name="M:GraphABCCoordinate.SetStandard">
      <summary> Устанавливает левую систему координат (ось OY направлена вниз, ось OX - вправо)
</summary>
    </member>
    <member name="P:GraphABCCoordinate.OriginX">
      <summary> X-координата начала координат относительно левого верхнего угла окна
</summary>
    </member>
    <member name="P:GraphABCCoordinate.OriginY">
      <summary> Y-координата начала координат относительно левого верхнего угла окна
</summary>
    </member>
    <member name="P:GraphABCCoordinate.Origin">
      <summary> Координаты начала координат относительно левого верхнего угла окна
</summary>
    </member>
    <member name="P:GraphABCCoordinate.Angle">
      <summary> Угол поворота системы координат
</summary>
    </member>
    <member name="P:GraphABCCoordinate.ScaleX">
      <summary> Масштаб системы координат по оси X
</summary>
    </member>
    <member name="P:GraphABCCoordinate.ScaleY">
      <summary> Масштаб системы координат по оси Y
</summary>
    </member>
    <member name="P:GraphABCCoordinate.Scale">
      <summary> Масштаб системы координат по обоим осям
</summary>
    </member>
    <member name="P:GraphABCCoordinate.Matrix">
      <summary> Матрица 3x3 преобразований координат
</summary>
    </member>
    <member name="M:GraphABCWindow.Clear">
      <summary> Очищает графическое окно белым цветом
</summary>
    </member>
    <member name="M:GraphABCWindow.Clear(System.Drawing.Color)">
      <summary> Очищает графическое окно цветом c
</summary>
    </member>
    <member name="M:GraphABCWindow.SetSize(System.Int32,System.Int32)">
      <summary> Устанавливает размеры клиентской части графического окна в пикселах
</summary>
    </member>
    <member name="M:GraphABCWindow.SetPos(System.Int32,System.Int32)">
      <summary> Устанавливает отступ графического окна от левого верхнего края экрана в пикселах
</summary>
    </member>
    <member name="M:GraphABCWindow.Init(System.Int32,System.Int32,System.Int32,System.Int32,System.Drawing.Color)">
      <summary> Устанавливает положение, размеры и цвет графического окна
</summary>
    </member>
    <member name="M:GraphABCWindow.Save(System.String)">
      <summary> Сохраняет содержимое графического окна в файл с именем fname
</summary>
    </member>
    <member name="M:GraphABCWindow.Load(System.String)">
      <summary> Восстанавливает содержимое графического окна из файла с именем fname
</summary>
    </member>
    <member name="M:GraphABCWindow.Fill(System.String)">
      <summary> Заполняет содержимое графического окна обоями из файла с именем fname
</summary>
    </member>
    <member name="M:GraphABCWindow.Close">
      <summary> Закрывает графическое окно и завершает приложение
</summary>
    </member>
    <member name="M:GraphABCWindow.Minimize">
      <summary> Сворачивает графическое окно
</summary>
    </member>
    <member name="M:GraphABCWindow.Maximize">
      <summary> Максимизирует графическое окно
</summary>
    </member>
    <member name="M:GraphABCWindow.Normalize">
      <summary> Возвращает графическое окно к нормальному размеру
</summary>
    </member>
    <member name="M:GraphABCWindow.CenterOnScreen">
      <summary> Центрирует графическое окно по центру экрана
</summary>
    </member>
    <member name="M:GraphABCWindow.Center">
      <summary> Возвращает центр графического окна
</summary>
    </member>
    <member name="P:GraphABCWindow.Left">
      <summary> Отступ графического окна от левого края экрана в пикселах
</summary>
    </member>
    <member name="P:GraphABCWindow.Top">
      <summary> Отступ графического окна от верхнего края экрана в пикселах
</summary>
    </member>
    <member name="P:GraphABCWindow.Width">
      <summary> Ширина клиентской части графического окна в пикселах
</summary>
    </member>
    <member name="P:GraphABCWindow.Height">
      <summary> Высота клиентской части графического окна в пикселах
</summary>
    </member>
    <member name="P:GraphABCWindow.Caption">
      <summary> Заголовок графического окна
</summary>
    </member>
    <member name="P:GraphABCWindow.Title">
      <summary> Заголовок графического окна
</summary>
    </member>
    <member name="P:GraphABCWindow.IsFixedSize">
      <summary> Имеет ли графическое окно фиксированный размер
</summary>
    </member>
    <member name="T:Picture">
      <summary> Тип рисунка GraphABC
</summary>
    </member>
    <member name="M:Picture.#ctor(System.Int32,System.Int32)">
      <summary> Создает рисунок размера w на h пикселей
</summary>
    </member>
    <member name="M:Picture.#ctor(System.String)">
      <summary> Создает рисунок из файла с именем fname
</summary>
    </member>
    <member name="M:Picture.#ctor(System.Drawing.Rectangle)">
      <summary> Создает рисунок из прямоугольника r графического окна
</summary>
    </member>
    <member name="M:Picture.Load(System.String)">
      <summary> Загружает рисунок из файла с именем fname
</summary>
    </member>
    <member name="M:Picture.Save(System.String)">
      <summary> Сохраняет рисунок в файл с именем fname
</summary>
    </member>
    <member name="M:Picture.SetSize(System.Int32,System.Int32)">
      <summary> Устанавливает размер рисунка w на h пикселей
</summary>
    </member>
    <member name="M:Picture.Intersect(GraphABC.Picture)">
      <summary> Возвращает True, если изображение данного рисунка пересекается с изображением рисунка p, и False в противном случае. Белый цвет считается прозрачным
</summary>
    </member>
    <member name="M:Picture.Draw(System.Int32,System.Int32)">
      <summary> Выводит рисунок в позиции (x,y)
</summary>
    </member>
    <member name="M:Picture.Draw(System.Int32,System.Int32,System.Drawing.Graphics)">
      <summary> Выводит рисунок в позиции (x,y) на поверхность рисования g
</summary>
    </member>
    <member name="M:Picture.Draw(System.Int32,System.Int32,System.Int32,System.Int32)">
      <summary> Выводит рисунок в позиции (x,y), масштабируя его к размеру (w,h)
</summary>
    </member>
    <member name="M:Picture.Draw(System.Int32,System.Int32,System.Int32,System.Int32,System.Drawing.Graphics)">
      <summary> Выводит рисунок в позиции (x,y), масштабируя его к размеру (w,h), на поверхность рисования g
</summary>
    </member>
    <member name="M:Picture.Draw(System.Int32,System.Int32,System.Drawing.Rectangle)">
      <summary> Выводит часть рисунка, заключенную в прямоугольнике r, в позиции (x,y)
</summary>
    </member>
    <member name="M:Picture.Draw(System.Int32,System.Int32,System.Drawing.Rectangle,System.Drawing.Graphics)">
      <summary> Выводит часть рисунка, заключенную в прямоугольнике r, в позиции (x,y) на поверхность рисования g
</summary>
    </member>
    <member name="M:Picture.Draw(System.Int32,System.Int32,System.Int32,System.Int32,System.Drawing.Rectangle)">
      <summary> Выводит часть рисунка, заключенную в прямоугольнике r, в позиции (x,y), масштабируя его к размеру (w,h)
</summary>
    </member>
    <member name="M:Picture.Draw(System.Int32,System.Int32,System.Int32,System.Int32,System.Drawing.Rectangle,System.Drawing.Graphics)">
      <summary> Выводит часть рисунка, заключенную в прямоугольнике r, в позиции (x,y), масштабируя его к размеру (w,h), на поверхность рисования g
</summary>
    </member>
    <member name="M:Picture.Draw(System.Int32,System.Int32,System.Double,System.Int32,System.Int32)">
      <summary> Выводит рисунок, повернутый на угол rotateAngle, масштабируя его к размеру (w,h)
</summary>
    </member>
    <member name="M:Picture.CopyRect(System.Drawing.Rectangle,GraphABC.Picture,System.Drawing.Rectangle)">
      <summary> Копирует прямоугольник src рисунка p в прямоугольник dst текущего рисунка
</summary>
    </member>
    <member name="M:Picture.CopyRect(System.Drawing.Rectangle,System.Drawing.Bitmap,System.Drawing.Rectangle)">
      <summary> Копирует прямоугольник src битового образа bmp в прямоугольник dst текущего рисунка
</summary>
    </member>
    <member name="M:Picture.FlipHorizontal">
      <summary> Зеркально отображает рисунок относительно горизонтальной оси симметрии
</summary>
    </member>
    <member name="M:Picture.FlipVertical">
      <summary> Зеркально отображает рисунок относительно вертикальной оси симметрии 
</summary>
    </member>
    <member name="M:Picture.SetPixel(System.Int32,System.Int32,System.Drawing.Color)">
      <summary> Закрашивает пиксел (x,y) рисунка цветом c 
</summary>
    </member>
    <member name="M:Picture.PutPixel(System.Int32,System.Int32,System.Drawing.Color)">
      <summary> Закрашивает пиксел (x,y) рисунка цветом c 
</summary>
    </member>
    <member name="M:Picture.GetPixel(System.Int32,System.Int32)">
      <summary> Возвращает цвет пиксела (x,y) рисунка
</summary>
    </member>
    <member name="M:Picture.Line(System.Int32,System.Int32,System.Int32,System.Int32)">
      <summary> Выводит на рисунке отрезок от точки (x1,y1) до точки (x2,y2)
</summary>
    </member>
    <member name="M:Picture.Line(System.Int32,System.Int32,System.Int32,System.Int32,System.Drawing.Color)">
      <summary> Выводит на рисунке отрезок от точки (x1,y1) до точки (x2,y2) цветом c
</summary>
    </member>
    <member name="M:Picture.FillCircle(System.Int32,System.Int32,System.Int32)">
      <summary> Заполняет на рисунке внутренность окружности с центром (x,y) и радиусом r
</summary>
    </member>
    <member name="M:Picture.DrawCircle(System.Int32,System.Int32,System.Int32)">
      <summary> Выводит на рисунке окружность с центром (x,y) и радиусом r
</summary>
    </member>
    <member name="M:Picture.FillEllipse(System.Int32,System.Int32,System.Int32,System.Int32)">
      <summary> Заполняет на рисунке внутренность эллипса, ограниченного прямоугольником, заданным координатами противоположных вершин (x1,y1) и (x2,y2)
</summary>
    </member>
    <member name="M:Picture.DrawEllipse(System.Int32,System.Int32,System.Int32,System.Int32)">
      <summary> Выводит на рисунке границу эллипса, ограниченного прямоугольником, заданным координатами противоположных вершин (x1,y1) и (x2,y2)
</summary>
    </member>
    <member name="M:Picture.FillRectangle(System.Int32,System.Int32,System.Int32,System.Int32)">
      <summary> Заполняет на рисунке внутренность прямоугольника, заданного координатами противоположных вершин (x1,y1) и (x2,y2)
</summary>
    </member>
    <member name="M:Picture.FillRect(System.Int32,System.Int32,System.Int32,System.Int32)">
      <summary> Заполняет на рисунке внутренность прямоугольника, заданного координатами противоположных вершин (x1,y1) и (x2,y2)
</summary>
    </member>
    <member name="M:Picture.DrawRectangle(System.Int32,System.Int32,System.Int32,System.Int32)">
      <summary> Выводит на рисунке границу ы прямоугольника, заданного координатами противоположных вершин (x1,y1) и (x2,y2)
</summary>
    </member>
    <member name="M:Picture.Circle(System.Int32,System.Int32,System.Int32)">
      <summary> Выводит на рисунке заполненную окружность с центром (x,y) и радиусом r
</summary>
    </member>
    <member name="M:Picture.Ellipse(System.Int32,System.Int32,System.Int32,System.Int32)">
      <summary> Выводит на рисунке заполненный эллипс, ограниченный прямоугольником, заданным координатами противоположных вершин (x1,y1) и (x2,y2)
</summary>
    </member>
    <member name="M:Picture.Rectangle(System.Int32,System.Int32,System.Int32,System.Int32)">
      <summary> Выводит на рисунке заполненный прямоугольник, заданный координатами противоположных вершин (x1,y1) и (x2,y2)
</summary>
    </member>
    <member name="M:Picture.RoundRect(System.Int32,System.Int32,System.Int32,System.Int32,System.Int32,System.Int32)">
      <summary> Выводит на рисунке заполненный прямоугольник со скругленными краями; (x1,y1) и (x2,y2) задают пару противоположных вершин, а w и h – ширину и высоту эллипса, используемого для скругления краев
</summary>
    </member>
    <member name="M:Picture.Arc(System.Int32,System.Int32,System.Int32,System.Int32,System.Int32)">
      <summary> Выводит на рисунке дугу окружности с центром в точке (x,y) и радиусом r, заключенной между двумя лучами, образующими углы a1 и a2 с осью OX (a1 и a2 – вещественные, задаются в градусах и отсчитываются против часовой стрелки)
</summary>
    </member>
    <member name="M:Picture.FillPie(System.Int32,System.Int32,System.Int32,System.Int32,System.Int32)">
      <summary> Заполняет на рисунке внутренность сектора окружности, ограниченного дугой с центром в точке (x,y) и радиусом r, заключенной между двумя лучами, образующими углы a1 и a2 с осью OX (a1 и a2 – вещественные, задаются в градусах и отсчитываются против часовой стрелки)
</summary>
    </member>
    <member name="M:Picture.DrawPie(System.Int32,System.Int32,System.Int32,System.Int32,System.Int32)">
      <summary> Выводит на рисунке сектор окружности, ограниченный дугой с центром в точке (x,y) и радиусом r, заключенной между двумя лучами, образующими углы a1 и a2 с осью OX (a1 и a2 – вещественные, задаются в градусах и отсчитываются против часовой стрелки)
</summary>
    </member>
    <member name="M:Picture.Pie(System.Int32,System.Int32,System.Int32,System.Int32,System.Int32)">
      <summary> Выводит на рисунке заполненный сектор окружности, ограниченный дугой с центром в точке (x,y) и радиусом r, заключенной между двумя лучами, образующими углы a1 и a2 с осью OX (a1 и a2 – вещественные, задаются в градусах и отсчитываются против часовой стрелки)
</summary>
    </member>
    <member name="M:Picture.DrawPolygon(System.Drawing.Point[])">
      <summary> Выводит на рисунке замкнутую ломаную по точкам, координаты которых заданы в массиве points
</summary>
    </member>
    <member name="M:Picture.FillPolygon(System.Drawing.Point[])">
      <summary> Заполняет на рисунке многоугольник, координаты вершин которого заданы в массиве points
</summary>
    </member>
    <member name="M:Picture.Polygon(System.Drawing.Point[])">
      <summary> Выводит на рисунке заполненный многоугольник, координаты вершин которого заданы в массиве points
</summary>
    </member>
    <member name="M:Picture.Polyline(System.Drawing.Point[])">
      <summary> Выводит на рисунке ломаную по точкам, координаты которых заданы в массиве points
</summary>
    </member>
    <member name="M:Picture.Curve(System.Drawing.Point[])">
      <summary> Выводит на рисунке кривую по точкам, координаты которых заданы в массиве points
</summary>
    </member>
    <member name="M:Picture.DrawClosedCurve(System.Drawing.Point[])">
      <summary> Выводит на рисунке замкнутую кривую по точкам, координаты которых заданы в массиве points
</summary>
    </member>
    <member name="M:Picture.FillClosedCurve(System.Drawing.Point[])">
      <summary> Заполняет на рисунке замкнутую кривую по точкам, координаты которых заданы в массиве points
</summary>
    </member>
    <member name="M:Picture.ClosedCurve(System.Drawing.Point[])">
      <summary> Выводит на рисунке заполненную замкнутую кривую по точкам, координаты которых заданы в массиве points
</summary>
    </member>
    <member name="M:Picture.TextOut(System.Int32,System.Int32,System.String)">
      <summary> Выводит на рисунке строку s в прямоугольник к координатами левого верхнего угла (x,y)
</summary>
    </member>
    <member name="M:Picture.FloodFill(System.Int32,System.Int32,System.Drawing.Color)">
      <summary> Заливает на рисунке область одного цвета цветом c, начиная с точки (x,y).
</summary>
    </member>
    <member name="M:Picture.Clear">
      <summary> Очищает рисунок белым цветом
</summary>
    </member>
    <member name="M:Picture.Clear(System.Drawing.Color)">
      <summary> Очищает рисунок цветом c
</summary>
    </member>
    <member name="P:Picture.Width">
      <summary> Ширина рисунка в пикселах
</summary>
    </member>
    <member name="P:Picture.Height">
      <summary> Высота рисунка в пикселах
</summary>
    </member>
    <member name="P:Picture.Transparent">
      <summary> Прозрачность рисунка; прозрачный цвет задается свойством TransparentColor
</summary>
    </member>
    <member name="P:Picture.TransparentColor">
      <summary> Прозрачный цвет рисунка. Должна быть установлена прозрачность Transparent := True
</summary>
    </member>
    <member name="T:Color">
      <summary> Тип цвета
</summary>
    </member>
    <member name="T:HatchStyle">
      <summary> Тип стиля штриховки кисти
</summary>
    </member>
    <member name="T:DashStyle">
      <summary> Тип стиля штриховки пера
</summary>
    </member>
    <member name="T:Point">
      <summary> Тип точки
</summary>
    </member>
    <member name="M:SetPixel(System.Int32,System.Int32,System.Drawing.Color)">
      <summary> Закрашивает пиксел с координатами (x,y) цветом c
</summary>
    </member>
    <member name="M:PutPixel(System.Int32,System.Int32,System.Drawing.Color)">
      <summary> Закрашивает пиксел с координатами (x,y) цветом c
</summary>
    </member>
    <member name="M:GetPixel(System.Int32,System.Int32)">
      <summary> Возвращает цвет пиксела с координатами (x,y)
</summary>
    </member>
    <member name="M:MoveTo(System.Int32,System.Int32)">
      <summary> Устанавливает текущую позицию рисования в точку (x,y)
</summary>
    </member>
    <member name="M:LineTo(System.Int32,System.Int32)">
      <summary> Рисует отрезок от текущей позиции до точки (x,y). Текущая позиция переносится в точку (x,y)
</summary>
    </member>
    <member name="M:LineTo(System.Int32,System.Int32,System.Drawing.Color)">
      <summary> Рисует отрезок от текущей позиции до точки (x,y) цветом c. Текущая позиция переносится в точку (x,y)
</summary>
    </member>
    <member name="M:Line(System.Int32,System.Int32,System.Int32,System.Int32)">
      <summary> Рисует отрезок от точки (x1,y1) до точки (x2,y2)
</summary>
    </member>
    <member name="M:Line(System.Drawing.Point,System.Drawing.Point)">
      <summary> Рисует отрезок от точки p1 до точки p2
</summary>
    </member>
    <member name="M:Line(System.Int32,System.Int32,System.Int32,System.Int32,System.Drawing.Color)">
      <summary> Рисует отрезок от точки (x1,y1) до точки (x2,y2) цветом c
</summary>
    </member>
    <member name="M:Line(System.Drawing.Point,System.Drawing.Point,System.Drawing.Color)">
      <summary> Рисует отрезок от точки p1 до точки p2 цветом c
</summary>
    </member>
    <member name="M:FillCircle(System.Int32,System.Int32,System.Int32)">
      <summary> Заполняет внутренность окружности с центром (x,y) и радиусом r
</summary>
    </member>
    <member name="M:DrawCircle(System.Int32,System.Int32,System.Int32)">
      <summary> Рисует окружность с центром (x,y) и радиусом r
</summary>
    </member>
    <member name="M:FillEllipse(System.Int32,System.Int32,System.Int32,System.Int32)">
      <summary> Заполняет внутренность эллипса, ограниченного прямоугольником, заданным координатами противоположных вершин (x1,y1) и (x2,y2)
</summary>
    </member>
    <member name="M:DrawEllipse(System.Int32,System.Int32,System.Int32,System.Int32)">
      <summary> Рисует границу эллипса, ограниченного прямоугольником, заданным координатами противоположных вершин (x1,y1) и (x2,y2)
</summary>
    </member>
    <member name="M:FillRectangle(System.Int32,System.Int32,System.Int32,System.Int32)">
      <summary> Заполняет внутренность прямоугольника, заданного координатами противоположных вершин (x1,y1) и (x2,y2)
</summary>
    </member>
    <member name="M:FillRect(System.Int32,System.Int32,System.Int32,System.Int32)">
      <summary> Заполняет внутренность прямоугольника, заданного координатами противоположных вершин (x1,y1) и (x2,y2)
</summary>
    </member>
    <member name="M:DrawRectangle(System.Int32,System.Int32,System.Int32,System.Int32)">
      <summary> Рисует границу прямоугольника, заданного координатами противоположных вершин (x1,y1) и (x2,y2)
</summary>
    </member>
    <member name="M:FillRoundRect(System.Int32,System.Int32,System.Int32,System.Int32,System.Int32,System.Int32)">
      <summary> Заполняет внутренность прямоугольника со скругленными краями; (x1,y1) и (x2,y2) задают пару противоположных вершин, а w и h – ширину и высоту эллипса, используемого для скругления краев
</summary>
    </member>
    <member name="M:DrawRoundRect(System.Int32,System.Int32,System.Int32,System.Int32,System.Int32,System.Int32)">
      <summary> Рисует границу прямоугольника со скругленными краями; (x1,y1) и (x2,y2) задают пару противоположных вершин, а w и h – ширину и высоту эллипса, используемого для скругления краев
</summary>
    </member>
    <member name="M:Circle(System.Int32,System.Int32,System.Int32)">
      <summary> Рисует заполненную окружность с центром (x,y) и радиусом r
</summary>
    </member>
    <member name="M:Ellipse(System.Int32,System.Int32,System.Int32,System.Int32)">
      <summary> Рисует заполненный эллипс, ограниченный прямоугольником, заданным координатами противоположных вершин (x1,y1) и (x2,y2)
</summary>
    </member>
    <member name="M:Rectangle(System.Int32,System.Int32,System.Int32,System.Int32)">
      <summary> Рисует заполненный прямоугольник, заданный координатами противоположных вершин (x1,y1) и (x2,y2)
</summary>
    </member>
    <member name="M:RoundRect(System.Int32,System.Int32,System.Int32,System.Int32,System.Int32,System.Int32)">
      <summary> Рисует заполненный прямоугольник со скругленными краями; (x1,y1) и (x2,y2) задают пару противоположных вершин, а w и h – ширину и высоту эллипса, используемого для скругления краев
</summary>
    </member>
    <member name="M:Arc(System.Int32,System.Int32,System.Int32,System.Int32,System.Int32)">
      <summary> Рисует дугу окружности с центром в точке (x,y) и радиусом r, заключенной между двумя лучами, образующими углы a1 и a2 с осью OX (a1 и a2 – вещественные, задаются в градусах и отсчитываются против часовой стрелки)
</summary>
    </member>
    <member name="M:FillPie(System.Int32,System.Int32,System.Int32,System.Int32,System.Int32)">
      <summary> Заполняет внутренность сектора окружности, ограниченного дугой с центром в точке (x,y) и радиусом r, заключенной между двумя лучами, образующими углы a1 и a2 с осью OX (a1 и a2 – вещественные, задаются в градусах и отсчитываются против часовой стрелки)
</summary>
    </member>
    <member name="M:DrawPie(System.Int32,System.Int32,System.Int32,System.Int32,System.Int32)">
      <summary> Рисует сектор окружности, ограниченный дугой с центром в точке (x,y) и радиусом r, заключенной между двумя лучами, образующими углы a1 и a2 с осью OX (a1 и a2 – вещественные, задаются в градусах и отсчитываются против часовой стрелки)
</summary>
    </member>
    <member name="M:Pie(System.Int32,System.Int32,System.Int32,System.Int32,System.Int32)">
      <summary> Рисует заполненный сектор окружности, ограниченный дугой с центром в точке (x,y) и радиусом r, заключенной между двумя лучами, образующими углы a1 и a2 с осью OX (a1 и a2 – вещественные, задаются в градусах и отсчитываются против часовой стрелки)
</summary>
    </member>
    <member name="M:Pnt(System.Int32,System.Int32)">
      <summary> Возвращает точку на плоскости с координатами (x,y)
</summary>
    </member>
    <member name="M:DrawPolygon(System.Drawing.Point[])">
      <summary> Рисует замкнутую ломаную по точкам, координаты которых заданы в массиве points
</summary>
    </member>
    <member name="M:DrawPolygon(System.Tuple`2[[System.Int32, mscorlib, Version=4.0.0.0, Culture=neutral, PublicKeyToken=b77a5c561934e089],[System.Int32, mscorlib, Version=4.0.0.0, Culture=neutral, PublicKeyToken=b77a5c561934e089]][])">
      <summary> Рисует замкнутую ломаную по точкам, координаты которых заданы в массиве points
</summary>
    </member>
    <member name="M:FillPolygon(System.Drawing.Point[])">
      <summary> Заполняет многоугольник, координаты вершин которого заданы в массиве points
</summary>
    </member>
    <member name="M:FillPolygon(System.Tuple`2[[System.Int32, mscorlib, Version=4.0.0.0, Culture=neutral, PublicKeyToken=b77a5c561934e089],[System.Int32, mscorlib, Version=4.0.0.0, Culture=neutral, PublicKeyToken=b77a5c561934e089]][])">
      <summary> Заполняет многоугольник, координаты вершин которого заданы в массиве points
</summary>
    </member>
    <member name="M:Polygon(System.Drawing.Point[])">
      <summary> Рисует заполненный многоугольник, координаты вершин которого заданы в массиве points
</summary>
    </member>
    <member name="M:Polygon(System.Tuple`2[[System.Int32, mscorlib, Version=4.0.0.0, Culture=neutral, PublicKeyToken=b77a5c561934e089],[System.Int32, mscorlib, Version=4.0.0.0, Culture=neutral, PublicKeyToken=b77a5c561934e089]][])">
      <summary> Рисует заполненный многоугольник, координаты вершин которого заданы в массиве points
</summary>
    </member>
    <member name="M:Polyline(System.Drawing.Point[])">
      <summary> Рисует ломаную по точкам, координаты которых заданы в массиве points
</summary>
    </member>
    <member name="M:Polyline(System.Tuple`2[[System.Int32, mscorlib, Version=4.0.0.0, Culture=neutral, PublicKeyToken=b77a5c561934e089],[System.Int32, mscorlib, Version=4.0.0.0, Culture=neutral, PublicKeyToken=b77a5c561934e089]][])">
      <summary> Рисует ломаную по точкам, координаты которых заданы в массиве points
</summary>
    </member>
    <member name="M:Curve(System.Drawing.Point[])">
      <summary> Рисует кривую по точкам, координаты которых заданы в массиве points
</summary>
    </member>
    <member name="M:Curve(System.Tuple`2[[System.Int32, mscorlib, Version=4.0.0.0, Culture=neutral, PublicKeyToken=b77a5c561934e089],[System.Int32, mscorlib, Version=4.0.0.0, Culture=neutral, PublicKeyToken=b77a5c561934e089]][])">
      <summary> Рисует кривую по точкам, координаты которых заданы в массиве points
</summary>
    </member>
    <member name="M:DrawClosedCurve(System.Drawing.Point[])">
      <summary> Рисует замкнутую кривую по точкам, координаты которых заданы в массиве points
</summary>
    </member>
    <member name="M:DrawClosedCurve(System.Tuple`2[[System.Int32, mscorlib, Version=4.0.0.0, Culture=neutral, PublicKeyToken=b77a5c561934e089],[System.Int32, mscorlib, Version=4.0.0.0, Culture=neutral, PublicKeyToken=b77a5c561934e089]][])">
      <summary> Рисует замкнутую кривую по точкам, координаты которых заданы в массиве points
</summary>
    </member>
    <member name="M:FillClosedCurve(System.Drawing.Point[])">
      <summary> Заполняет замкнутую кривую по точкам, координаты которых заданы в массиве points
</summary>
    </member>
    <member name="M:FillClosedCurve(System.Tuple`2[[System.Int32, mscorlib, Version=4.0.0.0, Culture=neutral, PublicKeyToken=b77a5c561934e089],[System.Int32, mscorlib, Version=4.0.0.0, Culture=neutral, PublicKeyToken=b77a5c561934e089]][])">
      <summary> Заполняет замкнутую кривую по точкам, координаты которых заданы в массиве points
</summary>
    </member>
    <member name="M:ClosedCurve(System.Drawing.Point[])">
      <summary> Рисует заполненную замкнутую кривую по точкам, координаты которых заданы в массиве points
</summary>
    </member>
    <member name="M:ClosedCurve(System.Tuple`2[[System.Int32, mscorlib, Version=4.0.0.0, Culture=neutral, PublicKeyToken=b77a5c561934e089],[System.Int32, mscorlib, Version=4.0.0.0, Culture=neutral, PublicKeyToken=b77a5c561934e089]][])">
      <summary> Рисует заполненную замкнутую кривую по точкам, координаты которых заданы в массиве points
</summary>
    </member>
    <member name="M:TextOut(System.Int32,System.Int32,System.String)">
      <summary> Выводит строку s в прямоугольник к координатами левого верхнего угла (x,y)
</summary>
    </member>
    <member name="M:TextOut(System.Int32,System.Int32,System.Int32)">
      <summary> Выводит целое n в прямоугольник к координатами левого верхнего угла (x,y)
</summary>
    </member>
    <member name="M:TextOut(System.Int32,System.Int32,System.Double)">
      <summary> Выводит вещественное r в прямоугольник к координатами левого верхнего угла (x,y)
</summary>
    </member>
    <member name="M:DrawTextCentered(System.Int32,System.Int32,System.Int32,System.Int32,System.String)">
      <summary> Выводит строку s, отцентрированную в прямоугольнике с координатами (x,y,x1,y1)
</summary>
    </member>
    <member name="M:DrawTextCentered(System.Int32,System.Int32,System.Int32,System.Int32,System.Int32)">
      <summary> Выводит целое значение n, отцентрированное в прямоугольнике с координатами (x,y,x1,y1)
</summary>
    </member>
    <member name="M:DrawTextCentered(System.Int32,System.Int32,System.Int32,System.Int32,System.Double)">
      <summary> Выводит вещественное значение r, отцентрированное в прямоугольнике с координатами (x,y,x1,y1)
</summary>
    </member>
    <member name="M:DrawTextCentered(System.Int32,System.Int32,System.String)">
      <summary> Выводит строку s, отцентрированное по точке с координатами (x,y)
</summary>
    </member>
    <member name="M:DrawTextCentered(System.Int32,System.Int32,System.Int32)">
      <summary> Выводит целое n, отцентрированное по точке с координатами (x,y)
</summary>
    </member>
    <member name="M:DrawTextCentered(System.Int32,System.Int32,System.Double)">
      <summary> Выводит вещественное r, отцентрированное по точке с координатами (x,y)
</summary>
    </member>
    <member name="M:FloodFill(System.Int32,System.Int32,System.Drawing.Color)">
      <summary> Заливает область одного цвета цветом c, начиная с точки (x,y).
</summary>
    </member>
    <member name="M:RGB(System.Byte,System.Byte,System.Byte)">
      <summary> Возвращает цвет, который содержит красную (r), зеленую (g) и синюю (b) составляющие (r,g и b - в диапазоне от 0 до 255)
</summary>
    </member>
    <member name="M:ARGB(System.Byte,System.Byte,System.Byte,System.Byte)">
      <summary> Возвращает цвет, который содержит красную (r), зеленую (g) и синюю (b) составляющие и прозрачность (a) (a,r,g,b - в диапазоне от 0 до 255)
</summary>
    </member>
    <member name="M:RedColor(System.Byte)">
      <summary> Возвращает красный цвет с интенсивностью r (r - в диапазоне от 0 до 255)
</summary>
    </member>
    <member name="M:GreenColor(System.Byte)">
      <summary> Возвращает зеленый цвет с интенсивностью g (g - в диапазоне от 0 до 255)
</summary>
    </member>
    <member name="M:BlueColor(System.Byte)">
      <summary> Возвращает синий цвет с интенсивностью b (b - в диапазоне от 0 до 255)
</summary>
    </member>
    <member name="M:clRandom">
      <summary> Возвращает случайный цвет
</summary>
    </member>
    <member name="M:GetRed(System.Drawing.Color)">
      <summary> Возвращает красную составляющую цвета
</summary>
    </member>
    <member name="M:GetGreen(System.Drawing.Color)">
      <summary> Возвращает зеленую составляющую цвета
</summary>
    </member>
    <member name="M:GetBlue(System.Drawing.Color)">
      <summary> Возвращает синюю составляющую цвета
</summary>
    </member>
    <member name="M:GetAlpha(System.Drawing.Color)">
      <summary> Возвращает составляющую прозрачности цвета
</summary>
    </member>
    <member name="M:SetPenColor(System.Drawing.Color)">
      <summary> Устанавливает цвет текущего пера
</summary>
    </member>
    <member name="M:PenColor">
      <summary> Возвращает цвет текущего пера
</summary>
    </member>
    <member name="M:SetPenWidth(System.Int32)">
      <summary> Устанавливает ширину текущего пера
</summary>
    </member>
    <member name="M:PenWidth">
      <summary> Возвращает ширину текущего пера
</summary>
    </member>
    <member name="M:SetPenStyle(System.Drawing.Drawing2D.DashStyle)">
      <summary> Устанавливает стиль текущего пера
</summary>
    </member>
    <member name="M:PenStyle">
      <summary> Возвращает стиль текущего пера
</summary>
    </member>
    <member name="M:SetPenMode(System.Int32)">
      <summary> Устанавливает режим текущего пера
</summary>
    </member>
    <member name="M:PenMode">
      <summary> Возвращает режим текущего пера
</summary>
    </member>
    <member name="M:SetPenRoundCap(System.Boolean)">
      <summary> Устанавливает или отменяет режим закругленных концов линий
</summary>
    </member>
    <member name="M:PenRoundCap">
      <summary> Возвращает truе, если установлен режим закругленных концов линий
</summary>
    </member>
    <member name="M:PenX">
      <summary> Возвращают x-координату текущей позиции рисования
</summary>
    </member>
    <member name="M:PenY">
      <summary> Возвращают y-координату текущей позиции рисования
</summary>
    </member>
    <member name="M:SetBrushColor(System.Drawing.Color)">
      <summary> Устанавливает цвет текущей кисти
</summary>
    </member>
    <member name="M:BrushColor">
      <summary> Возвращает цвет текущей кисти
</summary>
    </member>
    <member name="M:SetBrushStyle(GraphABC.BrushStyleType)">
      <summary> Устанавливает цвет текущей кисти
</summary>
    </member>
    <member name="M:BrushStyle">
      <summary> Возвращает цвет текущей кисти
</summary>
    </member>
    <member name="M:SetBrushHatch(System.Drawing.Drawing2D.HatchStyle)">
      <summary> Устанавливает штриховку текущей кисти
</summary>
    </member>
    <member name="M:BrushHatch">
      <summary> Возвращает штриховку текущей кисти
</summary>
    </member>
    <member name="M:SetHatchBrushBackgroundColor(System.Drawing.Color)">
      <summary> Устанавливает цвет заднего плана текущей штриховой кисти
</summary>
    </member>
    <member name="M:HatchBrushBackgroundColor">
      <summary> Возвращает цвет заднего плана текущей штриховой кисти
</summary>
    </member>
    <member name="M:SetGradientBrushSecondColor(System.Drawing.Color)">
      <summary> Устанавливает второй цвет текущей градиентной кисти
</summary>
    </member>
    <member name="M:GradientBrushSecondColor">
      <summary> Возвращает второй цвет текущей градиентной кисти
</summary>
    </member>
    <member name="M:SetFontSize(System.Int32)">
      <summary> Устанавливает размер текущего шрифта в пунктах
</summary>
    </member>
    <member name="M:FontSize">
      <summary> Возвращает размер текущего шрифта в пунктах
</summary>
    </member>
    <member name="M:SetFontName(System.String)">
      <summary> Устанавливает имя текущего шрифта
</summary>
    </member>
    <member name="M:FontName">
      <summary> Возвращает имя текущего шрифта
</summary>
    </member>
    <member name="M:SetFontColor(System.Drawing.Color)">
      <summary> Устанавливает цвет текущего шрифта
</summary>
    </member>
    <member name="M:FontColor">
      <summary> Возвращает цвет текущего шрифта
</summary>
    </member>
    <member name="M:SetFontStyle(GraphABC.FontStyleType)">
      <summary> Устанавливает стиль текущего шрифта
</summary>
    </member>
    <member name="M:FontStyle">
      <summary> Возвращает стиль текущего шрифта
</summary>
    </member>
    <member name="M:TextWidth(System.String)">
      <summary> Возвращает ширину строки s в пикселях при текущих настройках шрифта
</summary>
    </member>
    <member name="M:TextHeight(System.String)">
      <summary> Возвращает высоту строки s в пикселях при текущих настройках шрифта
</summary>
    </member>
    <member name="M:ClearWindow">
      <summary> Очищает графическое окно белым цветом
</summary>
    </member>
    <member name="M:ClearWindow(System.Drawing.Color)">
      <summary> Очищает графическое окно цветом c
</summary>
    </member>
    <member name="M:WindowWidth">
      <summary> Возвращает ширину клиентской части графического окна в пикселах
</summary>
    </member>
    <member name="M:WindowHeight">
      <summary> Возвращает высоту клиентской части графического окна в пикселах
</summary>
    </member>
    <member name="M:WindowLeft">
      <summary> Возвращает отступ графического окна от левого края экрана в пикселах
</summary>
    </member>
    <member name="M:WindowTop">
      <summary> Возвращает отступ графического окна от верхнего края экрана в пикселах
</summary>
    </member>
    <member name="M:WindowCenter">
      <summary> Возвращает центр графического окна 
</summary>
    </member>
    <member name="M:WindowIsFixedSize">
      <summary> Возвращает True, если графическое окно имеет фиксированный размер, и False в противном случае 
</summary>
    </member>
    <member name="M:SetWindowWidth(System.Int32)">
      <summary> Устанавливает ширину клиентской части графического окна в пикселах
</summary>
    </member>
    <member name="M:SetWindowHeight(System.Int32)">
      <summary> Устанавливает высоту клиентской части графического окна в пикселах
</summary>
    </member>
    <member name="M:SetWindowLeft(System.Int32)">
      <summary> Устанавливает отступ графического окна от левого края экрана в пикселах
</summary>
    </member>
    <member name="M:SetWindowTop(System.Int32)">
      <summary> Устанавливает отступ графического окна от верхнего края экрана в пикселах
</summary>
    </member>
    <member name="M:SetWindowIsFixedSize(System.Boolean)">
      <summary> Устанавливает, имеет ли графическое окно фиксированный размер
</summary>
    </member>
    <member name="M:SetWindowSize(System.Int32,System.Int32)">
      <summary> Устанавливает размеры клиентской части графического окна в пикселах
</summary>
    </member>
    <member name="M:SetWindowPos(System.Int32,System.Int32)">
      <summary> Устанавливает отступ графического окна от левого верхнего края экрана в пикселах
</summary>
    </member>
    <member name="M:GraphBoxWidth">
      <summary> Возвращает ширину графического компонента в пикселах (по умолчанию совпадает с WindowWidth)
</summary>
    </member>
    <member name="M:GraphBoxHeight">
      <summary> Возвращает высоту графического компонента в пикселах (по умолчанию совпадает с WindowHeight)
</summary>
    </member>
    <member name="M:GraphBoxLeft">
      <summary> Возвращает отступ графического компонента от левого края окна в пикселах
</summary>
    </member>
    <member name="M:GraphBoxTop">
      <summary> Возвращает отступ графического компонента от верхнего края окна в пикселах
</summary>
    </member>
    <member name="M:WindowCaption">
      <summary> Возвращает заголовок графического окна
</summary>
    </member>
    <member name="M:WindowTitle">
      <summary> Возвращает заголовок графического окна
</summary>
    </member>
    <member name="M:SetWindowCaption(System.String)">
      <summary> Устанавливает заголовок графического окна
</summary>
    </member>
    <member name="M:SetWindowTitle(System.String)">
      <summary> Устанавливает заголовок графического окна
</summary>
    </member>
    <member name="M:InitWindow(System.Int32,System.Int32,System.Int32,System.Int32,System.Drawing.Color)">
      <summary> Устанавливает ширину и высоту клиентской части графического окна в пикселах
</summary>
    </member>
    <member name="M:SaveWindow(System.String)">
      <summary> Сохраняет содержимое графического окна в файл с именем fname
</summary>
    </member>
    <member name="M:LoadWindow(System.String)">
      <summary> Восстанавливает содержимое графического окна из файла с именем fname
</summary>
    </member>
    <member name="M:FillWindow(System.String)">
      <summary> Заполняет содержимое графического окна обоями из файла с именем fname
</summary>
    </member>
    <member name="M:CloseWindow">
      <summary> Закрывает графическое окно и завершает приложение
</summary>
    </member>
    <member name="M:ScreenWidth">
      <summary> Возвращает ширину экрана в пикселях
</summary>
    </member>
    <member name="M:ScreenHeight">
      <summary> Возвращает высоту экрана в пикселях
</summary>
    </member>
    <member name="M:CenterWindow">
      <summary> Центрирует графическое окно по центру экрана
</summary>
    </member>
    <member name="M:MaximizeWindow">
      <summary> Максимизирует графическое окно
</summary>
    </member>
    <member name="M:MinimizeWindow">
      <summary> Сворачивает графическое окно
</summary>
    </member>
    <member name="M:NormalizeWindow">
      <summary> Возвращает графическое окно к нормальному размеру
</summary>
    </member>
    <member name="M:Redraw">
      <summary> Перерисовывает содержимое графического окна. Вызывается в паре с LockDrawing
</summary>
    </member>
    <member name="M:FullRedraw">
      <summary>--
</summary>
    </member>
    <member name="M:LockDrawing">
      <summary> Блокирует рисование на графическом окне. Перерисовка графического окна выполняется с помощью Redraw
</summary>
    </member>
    <member name="M:UnlockDrawing">
      <summary> Снимает блокировку рисования на графическом окне и осуществляет его перерисовку
</summary>
    </member>
    <member name="M:SetSmoothing(System.Boolean)">
      <summary> Устанавливает режим сглаживания
</summary>
    </member>
    <member name="M:SetSmoothingOn">
      <summary> Включает режим сглаживания
</summary>
    </member>
    <member name="M:SetSmoothingOff">
      <summary> Выключает режим сглаживания
</summary>
    </member>
    <member name="M:SmoothingIsOn">
      <summary> Возвращает True, если режим сглаживания установлен
</summary>
    </member>
    <member name="M:LockGraphics">
      <summary> Блокирует прорисовку графики. Вызывается для синхронизации
</summary>
    </member>
    <member name="M:UnLockGraphics">
      <summary> Разблокирует прорисовку графики. Вызывается для синхронизации
</summary>
    </member>
    <member name="M:SetCoordinateOrigin(System.Int32,System.Int32)">
      <summary> Устанавливает начало координат в точку (x0,y0)
</summary>
    </member>
    <member name="M:SetCoordinateScale(System.Double,System.Double)">
      <summary> Устанавливает масштаб системы координат 
</summary>
    </member>
    <member name="M:SetCoordinateAngle(System.Double)">
      <summary> Устанавливает поворот системы координат 
</summary>
    </member>
    <member name="M:Rect(System.Int32,System.Int32,System.Int32,System.Int32)">
      <summary> Возвращает прямоугольник, заданный координатами противоположных вершин
</summary>
    </member>
    <member name="M:ClientRectangle">
      <summary> Возвращает прямоугольник клиентской части главного окна
</summary>
    </member>
    <member name="M:Draw(System.Func{System.Double,System.Double},System.Double,System.Double,System.Double,System.Double,System.Int32,System.Int32,System.Int32,System.Int32)">
      <summary> Рисует график функции f, заданной на отрезке [a,b] по оси абсцисс и на отрезке [min,max] по оси ординат, в прямоугольнике, задаваемом координатами x1,y1,x2,y2, 
</summary>
    </member>
    <member name="M:Draw(System.Func{System.Double,System.Double},System.Double,System.Double,System.Double,System.Double,System.Drawing.Rectangle)">
      <summary> Рисует график функции f, заданной на отрезке [a,b] по оси абсцисс и на отрезке [min,max] по оси ординат, в прямоугольнике r
</summary>
    </member>
    <member name="M:Draw(System.Func{System.Double,System.Double},System.Double,System.Double,System.Double,System.Double)">
      <summary> Рисует график функции f, заданной на отрезке [a,b] по оси абсцисс и на отрезке [min,max] по оси ординат, на полное графическое окно
</summary>
    </member>
    <member name="M:Draw(System.Func{System.Double,System.Double},System.Double,System.Double,System.Int32,System.Int32,System.Int32,System.Int32)">
      <summary> Рисует график функции f, заданной на отрезке [a,b], в прямоугольнике, задаваемом координатами x1,y1,x2,y2, 
</summary>
    </member>
    <member name="M:Draw(System.Func{System.Double,System.Double},System.Double,System.Double,System.Drawing.Rectangle)">
      <summary> Рисует график функции f, заданной на отрезке [a,b], в прямоугольнике r 
</summary>
    </member>
    <member name="M:Draw(System.Func{System.Double,System.Double},System.Drawing.Rectangle)">
      <summary> Рисует график функции f, заданной на отрезке [-5,5], в прямоугольнике r 
</summary>
    </member>
    <member name="M:Draw(System.Func{System.Double,System.Double},System.Double,System.Double)">
      <summary> Рисует график функции f, заданной на отрезке [a,b], на полное графическое окно 
</summary>
    </member>
    <member name="M:Draw(System.Func{System.Double,System.Double})">
      <summary> Рисует график функции f, заданной на отрезке [-5,5], на полное графическое окно  
</summary>
    </member>
    <member name="M:Draw(System.String,System.Int32,System.Int32)">
      <summary> Выводит растровое изображение из файла с именем fname в позицию x,y 
</summary>
    </member>
    <member name="M:Draw(System.String,System.Int32,System.Int32,System.Int32,System.Int32)">
      <summary> Выводит растровое изображение из файла с именем fname в позицию x,y, масштабируя его к размеру w на h
</summary>
    </member>
    <member name="M:Draw(System.String,System.Int32,System.Int32,System.Double)">
      <summary> Выводит растровое изображение из файла с именем fname в позицию x,y, масштабируя его с коэффициентом Scale
</summary>
    </member>
    <member name="M:InitGraphABC">
      <summary> Инициализирует графическое окно. Используется для внутренних целей
</summary>
    </member>
    <member name="M:CreatePicture(GraphABC.Picture@,System.Int32,System.Int32)">
      <summary> Создает рисунок размера w на h пикселов и записывает его в переменную p
</summary>
    </member>
    <member name="M:Window">
      <summary> Возвращает окно графического приложения
</summary>
    </member>
    <member name="M:MainForm">
      <summary> Возвращает главную форму графического приложения
</summary>
    </member>
    <member name="M:GraphABCControl">
      <summary> Возвращает графический компонент
</summary>
    </member>
    <member name="M:Pen">
      <summary> Возвращает текущее перо
</summary>
    </member>
    <member name="M:Brush">
      <summary> Возвращает текущую кисть
</summary>
    </member>
    <member name="M:Font">
      <summary> Возвращает текущий шрифт
</summary>
    </member>
    <member name="M:Coordinate">
      <summary> Возвращает систему координат GraphABC
</summary>
    </member>
    <member name="M:SetConsoleIO">
      <summary> Устанавливает консольный ввод-вывод 
</summary>
    </member>
    <member name="M:SetGraphABCIO">
      <summary> Устанавливает ввод-вывод через графическое окно (по умолчанию)
</summary>
    </member>
    <member name="M:__InitModule__">
      <summary>--  
</summary>
    </member>
    <member name="V:OnMouseDown">
      <summary> Событие нажатия на кнопку мыши. (x,y) - координаты курсора мыши в момент наступления события, mousebutton = 1, если нажата левая кнопка мыши, и 2, если нажата правая кнопка мыши
</summary>
    </member>
    <member name="V:OnMouseUp">
      <summary> Событие отжатия кнопки мыши. (x,y) - координаты курсора мыши в момент наступления события, mousebutton = 1, если отжата левая кнопка мыши, и 2, если отжата правая кнопка мыши
</summary>
    </member>
    <member name="V:OnMouseMove">
      <summary> Событие перемещения мыши. (x,y) - координаты курсора мыши в момент наступления события, mousebutton = 0, если кнопка мыши не нажата, 1, если нажата левая кнопка мыши, и 2, если нажата правая кнопка мыши
</summary>
    </member>
    <member name="V:OnKeyDown">
      <summary> Событие нажатия клавиши
</summary>
    </member>
    <member name="V:OnKeyUp">
      <summary> Событие отжатия клавиши
</summary>
    </member>
    <member name="V:OnKeyPress">
      <summary> Событие нажатия символьной клавиши
</summary>
    </member>
    <member name="V:OnResize">
      <summary> Событие изменения размера графического окна
</summary>
    </member>
    <member name="V:OnClose">
      <summary> Событие закрытия графического окна
</summary>
    </member>
    <member name="V:RedrawProc">
      <summary> Процедурная переменная перерисовки графического окна. Если равна nil, то используется стандартная перерисовка
</summary>
    </member>
    <member name="V:DrawInBuffer">
      <summary> Следует ли рисовать во внеэкранном буфере
</summary>
    </member>
  </members>
</doc>